Date,Qty,Sales
01/01/2021,1118,9506973
02/01/2021,377,9567913
03/01/2021,706,5810777
04/01/2021,647,3787331
05/01/2021,1540,1533492
06/01/2021,2069,3608636
07/01/2021,109,1441391
08/01/2021,1868,5791777
09/01/2021,2005,5063511
10/01/2021,2161,3897817
11/01/2021,2409,5364358
12/01/2021,1767,5532718
13/01/2021,288,4001338
14/01/2021,446,7754233
15/01/2021,598,961594
16/01/2021,1444,160820
17/01/2021,2191,4411209
18/01/2021,69,1830232
19/01/2021,752,2124242
20/01/2021,259,6334888
21/01/2021,2194,7767218
22/01/2021,2178,4918391
23/01/2021,343,5760942
24/01/2021,2386,2607480
25/01/2021,597,7076606
26/01/2021,1855,5562420
27/01/2021,90,3700845
28/01/2021,2105,7090878
29/01/2021,1545,6843847
30/01/2021,1723,7252700
31/01/2021,628,5227427
01/02/2021,1454,1840437
02/02/2021,1574,9295887
03/02/2021,2296,5240548
04/02/2021,805,2180865
05/02/2021,2125,9848680
06/02/2021,1178,6325565
07/02/2021,1581,6375397
08/02/2021,1802,132931
09/02/2021,2422,572133
10/02/2021,662,7003730
11/02/2021,1395,3355229
12/02/2021,2199,1113667
13/02/2021,1756,2852744
14/02/2021,570,2753862
15/02/2021,676,662015
16/02/2021,2076,9075137
17/02/2021,559,3517911
18/02/2021,1786,9246151
19/02/2021,109,2112788
20/02/2021,410,9696455
21/02/2021,2276,5101139
22/02/2021,286,823923
23/02/2021,1006,9076981
24/02/2021,1746,1646314
25/02/2021,159,7855730
26/02/2021,2313,8872641
27/02/2021,1950,3034903
28/02/2021,998,8231282
01/03/2021,148,4984755
02/03/2021,913,7843973
03/03/2021,1769,8887096
04/03/2021,1279,5364546
05/03/2021,1993,7365443
06/03/2021,1665,7165780
07/03/2021,2397,6220794
08/03/2021,1591,490363
09/03/2021,2133,5059288
10/03/2021,267,6847864
11/03/2021,1200,261819
12/03/2021,1574,8719469
13/03/2021,2151,5910606
14/03/2021,1784,8372084
15/03/2021,2260,5611203
16/03/2021,92,1815586
17/03/2021,1337,9096103
18/03/2021,632,7260547
19/03/2021,543,7374245
20/03/2021,724,8285141
21/03/2021,777,9455830
22/03/2021,1968,5882609
23/03/2021,1440,6347323
24/03/2021,681,1603847
25/03/2021,911,9118839
26/03/2021,1072,6121961
27/03/2021,210,3562680
28/03/2021,1489,6896444
29/03/2021,540,5325336
30/03/2021,2250,1563442
31/03/2021,93,7366914
01/04/2021,352,5710892
02/04/2021,2453,9222404
03/04/2021,563,2423756
04/04/2021,2186,2962306
05/04/2021,1945,5591590
06/04/2021,702,3199665
07/04/2021,97,7578260
08/04/2021,2366,6121449
09/04/2021,762,8189559
10/04/2021,276,6832177
11/04/2021,653,2805241
12/04/2021,623,4302335
13/04/2021,1749,9868991
14/04/2021,1577,5191331
15/04/2021,859,1825696
16/04/2021,892,6828877
17/04/2021,2102,3712328
18/04/2021,763,2053199
19/04/2021,2472,3794969
20/04/2021,1376,2489729
21/04/2021,142,7691784
22/04/2021,2224,4354366
23/04/2021,1336,3494057
24/04/2021,2409,7875076
25/04/2021,968,4164480
26/04/2021,613,5314046
27/04/2021,149,7326479
28/04/2021,553,3149721
29/04/2021,701,5048713
30/04/2021,2319,1172271
01/05/2021,2411,8212189
02/05/2021,1138,5747502
03/05/2021,2265,6389132
04/05/2021,1976,7972442
05/05/2021,1535,5522221
06/05/2021,769,4854372
07/05/2021,1260,2619805
08/05/2021,546,6196569
09/05/2021,71,376555
10/05/2021,972,8967244
11/05/2021,168,4320550
12/05/2021,2140,757398
13/05/2021,2021,9454491
14/05/2021,1051,3818559
15/05/2021,769,8706626
16/05/2021,1331,5849219
17/05/2021,2445,4148084
18/05/2021,1973,3263434
19/05/2021,259,6250279
20/05/2021,129,6349311
21/05/2021,2400,4189297
22/05/2021,1004,5828203
23/05/2021,2412,1141799
24/05/2021,68,4677817
25/05/2021,768,4908649
26/05/2021,2014,4725384
27/05/2021,1071,9505902
28/05/2021,2030,2726672
29/05/2021,1752,697960
30/05/2021,1129,433493
31/05/2021,1530,7457971
01/06/2021,417,4231312
02/06/2021,1604,2025494
03/06/2021,2288,4079868
04/06/2021,1800,9992858
05/06/2021,1730,2459217
06/06/2021,698,8358538
07/06/2021,706,3352375
08/06/2021,596,5173196
09/06/2021,1190,7550177
10/06/2021,2181,3310175
11/06/2021,1035,1521818
12/06/2021,1046,4368789
13/06/2021,1159,6370416
14/06/2021,2402,1153755
15/06/2021,1086,9467162
16/06/2021,378,1599461
17/06/2021,2219,1333101
18/06/2021,1210,5714168
19/06/2021,1084,4369220
20/06/2021,935,5847135
21/06/2021,1405,4871928
22/06/2021,1343,6792384
23/06/2021,2373,6149276
24/06/2021,810,5035499
25/06/2021,2175,2455959
26/06/2021,1312,7952035
27/06/2021,118,8456724
28/06/2021,2362,8856958
29/06/2021,1234,2474844
30/06/2021,1814,335156
01/07/2021,2351,1253823
02/07/2021,2182,5978456
03/07/2021,2491,7419048
04/07/2021,1998,1342413
05/07/2021,872,9618415
06/07/2021,514,1078927
07/07/2021,476,3073504
08/07/2021,1675,2309460
09/07/2021,1065,896821
10/07/2021,1857,2518107
11/07/2021,1028,673270
12/07/2021,1616,1067208
13/07/2021,959,5927572
14/07/2021,954,5635176
15/07/2021,1278,5091747
16/07/2021,380,1112201
17/07/2021,171,2812195
18/07/2021,293,5432182
19/07/2021,119,7726967
20/07/2021,309,471807
21/07/2021,1209,1608378
22/07/2021,2372,4695145
23/07/2021,1322,4573524
24/07/2021,955,2920072
25/07/2021,948,9635299
26/07/2021,595,3908705
27/07/2021,1166,3238892
28/07/2021,1567,7494523
29/07/2021,1414,5243531
30/07/2021,363,8540450
31/07/2021,505,9573567
01/08/2021,1910,2712759
02/08/2021,1826,3123205
03/08/2021,1836,1376532
04/08/2021,742,1109531
05/08/2021,2016,3047509
06/08/2021,1676,2484236
07/08/2021,1557,8583300
08/08/2021,2224,686105
09/08/2021,1511,4641626
10/08/2021,804,3049845
11/08/2021,2192,1651094
12/08/2021,1232,2265907
13/08/2021,1629,5746896
14/08/2021,1379,7545997
15/08/2021,1682,3650987
16/08/2021,2366,5035511
17/08/2021,1151,364674
18/08/2021,1886,6049273
19/08/2021,2076,360274
20/08/2021,1189,940297
21/08/2021,1870,3257792
22/08/2021,541,5936749
23/08/2021,883,4984664
24/08/2021,358,2992309
25/08/2021,1762,4776673
26/08/2021,2041,5489130
27/08/2021,107,3233581
28/08/2021,221,9703182
29/08/2021,1301,3685651
30/08/2021,1737,6960455
31/08/2021,1712,2875245
01/09/2021,736,6928953
02/09/2021,1823,5389189
03/09/2021,2479,4292927
04/09/2021,243,3634078
05/09/2021,952,5058138
06/09/2021,1292,1078878
07/09/2021,2388,1291246
08/09/2021,1947,938875
09/09/2021,1741,5899054
10/09/2021,2084,6528098
11/09/2021,399,2038785
12/09/2021,1228,425116
13/09/2021,1568,7253857
14/09/2021,2054,7291540
15/09/2021,2343,8432775
16/09/2021,2113,2109247
17/09/2021,762,8088359
18/09/2021,517,1820712
19/09/2021,1079,6088297
20/09/2021,1033,2485571
21/09/2021,466,395110
22/09/2021,522,8490714
23/09/2021,1270,5651671
24/09/2021,669,8134739
25/09/2021,1921,3820470
26/09/2021,891,5906082
27/09/2021,1192,2909515
28/09/2021,264,4844862
29/09/2021,1314,555315
30/09/2021,701,1085011
01/10/2021,1697,3068764
02/10/2021,727,5703531
03/10/2021,924,5547888
04/10/2021,1199,1759714
05/10/2021,1686,3774746
06/10/2021,345,1260616
07/10/2021,2357,3795724
08/10/2021,710,6594134
09/10/2021,2219,8899996
10/10/2021,936,8737755
11/10/2021,2472,1620169
12/10/2021,279,1993778
13/10/2021,1245,1678673
14/10/2021,752,6562115
15/10/2021,1788,3308076
16/10/2021,1153,3492385
17/10/2021,1557,2057564
18/10/2021,1387,1991423
19/10/2021,2117,3553688
20/10/2021,1982,2193225
21/10/2021,1317,8598558
22/10/2021,1459,4194146
23/10/2021,1004,6087285
24/10/2021,582,2463429
25/10/2021,960,1975144
26/10/2021,784,8515921
27/10/2021,2187,275414
28/10/2021,1524,7995075
29/10/2021,1812,4649111
30/10/2021,1261,2180305
31/10/2021,2088,571981
01/11/2021,1926,8188116
02/11/2021,312,256379
03/11/2021,886,9729574
04/11/2021,1035,4354761
05/11/2021,2101,8501469
06/11/2021,1896,1126265
07/11/2021,1209,3070606
08/11/2021,2047,2355195
09/11/2021,495,7581991
10/11/2021,1491,8360109
11/11/2021,1539,5272788
12/11/2021,2084,8115055
13/11/2021,1925,5109571
14/11/2021,168,9982879
15/11/2021,294,2522236
16/11/2021,2213,1783556
17/11/2021,1604,3097487
18/11/2021,2202,5003972
19/11/2021,1458,6556784
20/11/2021,433,5516509
21/11/2021,198,6966649
22/11/2021,1814,8499402
23/11/2021,481,2190801
24/11/2021,1166,9681623
25/11/2021,971,6690348
26/11/2021,1307,9125807
27/11/2021,1684,7526284
28/11/2021,1897,5900302
29/11/2021,224,3646199
30/11/2021,1917,3027105
01/12/2021,124,4089340
02/12/2021,1555,3196320
03/12/2021,1162,5185441
04/12/2021,2053,3320689
05/12/2021,1201,7235269
06/12/2021,1654,1172654
07/12/2021,2245,6186636
08/12/2021,2500,6326222
09/12/2021,2469,2842071
10/12/2021,1039,336941
11/12/2021,2211,145922
12/12/2021,210,3715847
13/12/2021,1960,9513063
14/12/2021,584,8406139
15/12/2021,471,9922605
16/12/2021,1278,7711234
17/12/2021,357,191363
18/12/2021,1622,622124
19/12/2021,319,251481
20/12/2021,1233,5289137
21/12/2021,2376,1169331
22/12/2021,632,9561554
23/12/2021,2204,4185345
24/12/2021,1075,4558703
25/12/2021,1404,8631275
26/12/2021,673,7089569
27/12/2021,2377,9011703
28/12/2021,103,5685208
29/12/2021,1378,7973921
30/12/2021,1401,9523951
31/12/2021,2224,1653371
01/01/2022,939,1121143
02/01/2022,2005,6787904
03/01/2022,1521,226812
04/01/2022,1357,3646035
05/01/2022,844,2033786
06/01/2022,686,2716036
07/01/2022,341,4689390
08/01/2022,1031,9952169
09/01/2022,1944,9330194
10/01/2022,1328,4701814
11/01/2022,758,1935891
12/01/2022,2410,5791476
13/01/2022,1677,704102
14/01/2022,1252,1854769
15/01/2022,1743,3945390
16/01/2022,147,9080405
17/01/2022,204,8296198
18/01/2022,2388,8445532
19/01/2022,1831,1141609
20/01/2022,2305,2873475
21/01/2022,1213,8169645
22/01/2022,2156,4956097
23/01/2022,1077,7875464
24/01/2022,716,6251734
25/01/2022,1973,7666052
26/01/2022,2351,4255590
27/01/2022,892,9248997
28/01/2022,1567,850741
29/01/2022,1177,6522651
30/01/2022,2302,9342229
31/01/2022,2370,246173
01/02/2022,207,5490183
02/02/2022,1667,5403310
03/02/2022,2199,6137388
04/02/2022,665,8130930
05/02/2022,1521,8068677
06/02/2022,1134,6062441
07/02/2022,69,7433904
08/02/2022,1579,3424719
09/02/2022,638,1357182
10/02/2022,1829,2297161
11/02/2022,1420,3349990
12/02/2022,2148,1758521
13/02/2022,840,1358753
14/02/2022,2133,9816283
15/02/2022,122,2331508
16/02/2022,778,5100866
17/02/2022,280,7992182
18/02/2022,2088,3034671
19/02/2022,2018,619841
20/02/2022,423,3832999
21/02/2022,2067,2001011
22/02/2022,1718,6932663
23/02/2022,947,2654548
24/02/2022,956,2027910
25/02/2022,355,499042
26/02/2022,1915,6619695
27/02/2022,1939,2274050
28/02/2022,1546,603297
01/03/2022,808,3238112
02/03/2022,2096,8053122
03/03/2022,1747,2083081
04/03/2022,479,3209049
05/03/2022,2383,5366819
06/03/2022,563,4377273
07/03/2022,2150,2305344
08/03/2022,1640,220140
09/03/2022,2411,2266401
10/03/2022,1023,8635131
11/03/2022,200,3544792
12/03/2022,2199,7241449
13/03/2022,1487,3372307
14/03/2022,173,367771
15/03/2022,2444,4089739
16/03/2022,1667,3099383
17/03/2022,1838,2015001
18/03/2022,1672,7351891
19/03/2022,1119,3789249
20/03/2022,77,8968427
21/03/2022,1762,7045813
22/03/2022,935,6884302
23/03/2022,1342,2100547
24/03/2022,918,8794251
25/03/2022,626,9045627
26/03/2022,576,3887425
27/03/2022,2443,4418555
28/03/2022,983,2126719
29/03/2022,1775,7779575
30/03/2022,2036,7918946
31/03/2022,1839,1758132
01/04/2022,869,6301327
02/04/2022,1941,8392334
03/04/2022,585,3029703
04/04/2022,2375,1711369
05/04/2022,759,8038290
06/04/2022,2288,2530445
07/04/2022,1260,3912273
08/04/2022,2455,7220622
09/04/2022,2097,3905076
10/04/2022,131,8225726
11/04/2022,1418,4530453
12/04/2022,910,7134197
13/04/2022,553,2497687
14/04/2022,1027,7433254
15/04/2022,1403,9144277
16/04/2022,383,9635161
17/04/2022,2494,5397971
18/04/2022,2489,5701029
19/04/2022,539,8552108
20/04/2022,758,1712480
21/04/2022,1021,1819899
22/04/2022,645,9005905
23/04/2022,1108,1982443
24/04/2022,1912,1823789
25/04/2022,2498,9336611
26/04/2022,1136,613454
27/04/2022,1769,6792876
28/04/2022,1786,3706164
29/04/2022,238,1291983
30/04/2022,2399,6105744
01/05/2022,2290,2762020
02/05/2022,766,1451664
03/05/2022,623,5146409
04/05/2022,2449,4712158
05/05/2022,422,7160357
06/05/2022,662,5749696
07/05/2022,1978,6161919
08/05/2022,535,3109272
09/05/2022,2029,8499359
10/05/2022,675,2109664
11/05/2022,1786,5149082
12/05/2022,2455,9611437
13/05/2022,1818,6190284
14/05/2022,470,5737207
15/05/2022,293,3549048
16/05/2022,641,1120531
17/05/2022,1376,8174980
18/05/2022,1472,9104918
19/05/2022,2160,6554349
20/05/2022,507,8600164
21/05/2022,616,5927495
22/05/2022,2169,9762078
23/05/2022,2003,1847775
24/05/2022,859,2480034
25/05/2022,1346,8509477
26/05/2022,2469,6815486
27/05/2022,2328,3154992
28/05/2022,2450,3394926
29/05/2022,430,4149875
30/05/2022,298,2312877
31/05/2022,115,7595286
01/06/2022,656,9776045
02/06/2022,886,6369202
03/06/2022,858,4344916
04/06/2022,1902,9545126
05/06/2022,1214,8923989
06/06/2022,1436,6301875
07/06/2022,2210,7836293
08/06/2022,331,8669865
09/06/2022,1238,6094756
10/06/2022,892,3938409
11/06/2022,212,7514945
12/06/2022,2237,6705645
13/06/2022,562,7683945
14/06/2022,1672,4610889
15/06/2022,342,3178461
16/06/2022,1112,8154658
17/06/2022,725,6523368
18/06/2022,703,3571615
19/06/2022,2281,4744262
20/06/2022,1297,5093679
21/06/2022,1636,7907361
22/06/2022,217,2736039
23/06/2022,1130,3492126
24/06/2022,191,4900215
25/06/2022,350,1596110
26/06/2022,217,6885575
27/06/2022,2199,4700319
28/06/2022,1968,9393333
29/06/2022,383,3760723
30/06/2022,1050,5976424
01/07/2022,2010,2292405
02/07/2022,1199,2096206
03/07/2022,2169,9168245
04/07/2022,1926,6381653
05/07/2022,91,9167932
06/07/2022,1661,3212174
07/07/2022,471,7190617
08/07/2022,1668,8375236
09/07/2022,314,1118237
10/07/2022,61,3358601
11/07/2022,1777,9638032
12/07/2022,1507,3256495
13/07/2022,2298,9014770
14/07/2022,677,3713063
15/07/2022,1086,5131551
16/07/2022,1537,6957406
17/07/2022,2383,4856184
18/07/2022,1670,6885627
19/07/2022,1801,6301255
20/07/2022,195,1187591
21/07/2022,67,5417547
22/07/2022,1584,9609940
23/07/2022,446,8686211
24/07/2022,386,5490258
25/07/2022,187,3714611
26/07/2022,1957,2151422
27/07/2022,1776,448862
28/07/2022,1575,5688151
29/07/2022,2413,8718825
30/07/2022,1409,2938954
31/07/2022,1772,6891663
01/08/2022,561,290905
02/08/2022,2462,899023
03/08/2022,2352,5780229
04/08/2022,788,1796272
05/08/2022,769,4638689
06/08/2022,1744,8683095
07/08/2022,1710,9921143
08/08/2022,545,4609380
09/08/2022,2071,3266428
10/08/2022,71,6001176
11/08/2022,2382,962149
12/08/2022,673,9274383
13/08/2022,485,5838998
14/08/2022,1440,9395048
15/08/2022,2057,7996956
16/08/2022,377,8911641
17/08/2022,1454,9697754
18/08/2022,1798,7857144
19/08/2022,1526,7449442
20/08/2022,972,8931581
21/08/2022,1633,9502823
22/08/2022,1885,2192761
23/08/2022,790,1814836
24/08/2022,1947,1219967
25/08/2022,92,6698497
26/08/2022,1646,6995118
27/08/2022,2050,677391
28/08/2022,121,9042390
29/08/2022,127,4933866
30/08/2022,1936,6127712
31/08/2022,1144,7290640
01/09/2022,1524,3537756
02/09/2022,709,724312
03/09/2022,529,3261105
04/09/2022,84,2368015
05/09/2022,461,1418339
06/09/2022,2353,2404552
07/09/2022,2082,9142325
08/09/2022,2059,1781677
09/09/2022,1389,5563184
10/09/2022,570,8222999
11/09/2022,1212,2112122
12/09/2022,1006,7142456
13/09/2022,630,7611703
14/09/2022,1442,4999244
15/09/2022,2210,4790417
16/09/2022,987,6664465
17/09/2022,1217,7522311
18/09/2022,1927,8446860
19/09/2022,1283,9606722
20/09/2022,1033,4322208
21/09/2022,603,2220127
22/09/2022,315,5096979
23/09/2022,1776,1502921
24/09/2022,172,2212346
25/09/2022,600,9769801
26/09/2022,674,3007941
27/09/2022,1250,9117649
28/09/2022,1011,8208730
29/09/2022,666,9005504
30/09/2022,915,4532919
01/10/2022,1956,2405601
02/10/2022,1333,1285569
03/10/2022,556,2290557
04/10/2022,1170,4160345
05/10/2022,2133,9440913
06/10/2022,199,7336868
07/10/2022,2272,9373408
08/10/2022,792,8845528
09/10/2022,502,4981994
10/10/2022,1804,7052752
11/10/2022,971,1517315
12/10/2022,1326,259490
13/10/2022,1856,5909813
14/10/2022,2400,8392730
15/10/2022,2023,3174817
16/10/2022,1025,5970665
17/10/2022,83,2853668
18/10/2022,51,5183284
19/10/2022,848,7755803
20/10/2022,2136,8869729
21/10/2022,89,3882604
22/10/2022,1662,7661153
23/10/2022,478,4964509
24/10/2022,1113,3572788
25/10/2022,1212,1579689
26/10/2022,514,423914
27/10/2022,954,5798473
28/10/2022,1369,8836363
29/10/2022,2400,6019717
30/10/2022,1046,5202779
31/10/2022,1362,1670355
01/11/2022,1042,7529716
02/11/2022,2471,7304180
03/11/2022,557,6505849
04/11/2022,163,3700624
05/11/2022,404,6397404
06/11/2022,1537,7405302
07/11/2022,962,7994130
08/11/2022,2003,1858786
09/11/2022,1609,3900732
10/11/2022,2054,6548124
11/11/2022,1285,3991004
12/11/2022,2001,8873684
13/11/2022,523,6807994
14/11/2022,1989,5985762
15/11/2022,1734,7424226
16/11/2022,61,6046129
17/11/2022,1703,1952128
18/11/2022,227,5336389
19/11/2022,1391,6312864
20/11/2022,950,9544057
21/11/2022,808,9054787
22/11/2022,1774,1149970
23/11/2022,1992,8006302
24/11/2022,1617,5014768
25/11/2022,2329,6949421
26/11/2022,2039,7359801
27/11/2022,1683,7576725
28/11/2022,1281,5228368
29/11/2022,1930,8344100
30/11/2022,865,409250
01/12/2022,223,5442721
02/12/2022,53,5195869
03/12/2022,1309,4907555
04/12/2022,1852,7916748
05/12/2022,503,2116541
06/12/2022,1106,6078601
07/12/2022,336,7202190
08/12/2022,64,5897307
09/12/2022,1333,918742
10/12/2022,148,8715749
11/12/2022,1238,3678231
12/12/2022,677,7819308
13/12/2022,107,8820110
14/12/2022,115,5374187
15/12/2022,1351,9051361
16/12/2022,293,5372107
17/12/2022,2166,643644
18/12/2022,792,3879696
19/12/2022,1802,6505381
20/12/2022,762,9323504
21/12/2022,794,4560144
22/12/2022,1931,1216529
23/12/2022,1630,8483875
24/12/2022,1494,6035639
25/12/2022,439,639577
26/12/2022,1129,2700707
27/12/2022,1706,7130157
28/12/2022,2285,852994
29/12/2022,1902,1114059
30/12/2022,585,3716657
31/12/2022,1348,464043
01/01/2023,1223,6246792
02/01/2023,1604,4642082
03/01/2023,1737,1207636
04/01/2023,1455,8156377
05/01/2023,279,5558291
06/01/2023,1336,4292906
07/01/2023,1719,2545064
08/01/2023,618,5987730
09/01/2023,902,802258
10/01/2023,2343,3819664
11/01/2023,1753,2477028
12/01/2023,2181,4332768
13/01/2023,200,1775268
14/01/2023,348,6160129
15/01/2023,1806,2974899
16/01/2023,1334,8426557
17/01/2023,302,3180524
18/01/2023,1826,4151465
19/01/2023,1070,2800560
20/01/2023,610,9691795
21/01/2023,1623,7041979
22/01/2023,2245,4397155
23/01/2023,228,7681590
24/01/2023,474,8384804
25/01/2023,1423,2393625
26/01/2023,499,1530014
27/01/2023,568,5880423
28/01/2023,1756,434500
29/01/2023,1870,6546715
30/01/2023,367,5160716
31/01/2023,1104,8329034
01/02/2023,63,9678368
02/02/2023,2131,9086226
03/02/2023,1486,2827214
04/02/2023,2099,6753857
05/02/2023,342,7849027
06/02/2023,1144,6591565
07/02/2023,1678,9898538
08/02/2023,900,9897015
09/02/2023,1498,8883415
10/02/2023,907,1276216
11/02/2023,2420,7380330
12/02/2023,559,9615294
13/02/2023,2477,5761032
14/02/2023,2050,6609040
15/02/2023,2244,6008656
16/02/2023,1311,2747882
17/02/2023,2250,5001917
18/02/2023,1622,8443037
19/02/2023,673,4279767
20/02/2023,2110,703885
21/02/2023,1812,3671918
22/02/2023,591,5281727
23/02/2023,1243,9782398
24/02/2023,1169,6299473
25/02/2023,338,3938931
26/02/2023,2212,944723
27/02/2023,227,456061
28/02/2023,370,512815
01/03/2023,664,3390047
02/03/2023,2252,9776758
03/03/2023,1766,5802986
04/03/2023,1661,8018455
05/03/2023,314,4148271
06/03/2023,1507,117047
07/03/2023,1498,6556085
08/03/2023,2445,5482097
09/03/2023,1385,7201828
10/03/2023,110,1501910
11/03/2023,508,8607272
12/03/2023,2099,5356552
13/03/2023,488,3036510
14/03/2023,2330,7569570
15/03/2023,1432,8244155
16/03/2023,1808,7403903
17/03/2023,1296,3814699
18/03/2023,1348,7207274
19/03/2023,787,4364815
20/03/2023,1048,3511991
21/03/2023,796,7399517
22/03/2023,960,1603429
23/03/2023,2424,6172801
24/03/2023,1824,4582335
25/03/2023,1519,6231204
26/03/2023,790,7497075
27/03/2023,2159,7726361
28/03/2023,832,7809882
29/03/2023,1520,9842684
30/03/2023,513,1915516
31/03/2023,2416,7120594
01/04/2023,1825,4691983
02/04/2023,459,7555710
03/04/2023,2023,9301696
04/04/2023,942,3493782
05/04/2023,1506,6697330
06/04/2023,1016,6089983
07/04/2023,966,9215855
08/04/2023,1608,9679903
09/04/2023,1609,1477183
10/04/2023,159,2970880
11/04/2023,2384,891335
12/04/2023,776,909167
13/04/2023,385,523198
14/04/2023,2141,5420183
15/04/2023,868,6273771
16/04/2023,92,8293025
17/04/2023,2120,1622110
18/04/2023,1456,1788729
19/04/2023,1249,6001610
20/04/2023,740,4456415
21/04/2023,657,1972798
22/04/2023,1411,2216984
23/04/2023,578,2489345
24/04/2023,1664,1867013
25/04/2023,2114,4537756
26/04/2023,247,1765549
27/04/2023,2185,2109835
28/04/2023,590,2609656
29/04/2023,1776,5420272
30/04/2023,1903,5041265
01/05/2023,1884,7198092
02/05/2023,944,417515
03/05/2023,1656,8955007
04/05/2023,1237,5841332
05/05/2023,2371,9789789
06/05/2023,1067,3298539
07/05/2023,1999,1879692
08/05/2023,153,8731443
09/05/2023,84,7933217
10/05/2023,1012,6769207
11/05/2023,2065,6022341
12/05/2023,2032,5485885
13/05/2023,1574,2218774
14/05/2023,521,2180947
15/05/2023,2025,259028
16/05/2023,1271,5328576
17/05/2023,1001,1846922
18/05/2023,1067,215794
19/05/2023,750,4867529
20/05/2023,2302,6008640
21/05/2023,1426,131265
22/05/2023,2109,3112591
23/05/2023,904,3878453
24/05/2023,1890,4709739
25/05/2023,1834,5254615
26/05/2023,595,5423553
27/05/2023,1480,4135893
28/05/2023,1291,1481111
29/05/2023,2328,9214752
30/05/2023,907,6514860
31/05/2023,2486,9501427
01/06/2023,313,7840147
02/06/2023,2433,3383634
03/06/2023,958,9660271
04/06/2023,631,5682434
05/06/2023,1453,181432
06/06/2023,2002,3289863
07/06/2023,413,9719390
08/06/2023,2051,7938814
09/06/2023,2279,273148
10/06/2023,2387,9217616
11/06/2023,1336,7111435
12/06/2023,733,9279195
13/06/2023,657,151893
14/06/2023,446,8508385
15/06/2023,1118,6719034
16/06/2023,1303,4705398
17/06/2023,234,9168312
18/06/2023,383,1166763
19/06/2023,238,9073153
20/06/2023,2049,8934138
21/06/2023,2016,5790788
22/06/2023,1471,9068224
23/06/2023,1937,6380212
24/06/2023,1967,4389373
25/06/2023,338,5751016
26/06/2023,2257,9286556
27/06/2023,105,9945567
28/06/2023,114,767451
29/06/2023,1884,9287893
30/06/2023,123,7402151
01/07/2023,825,898530
02/07/2023,200,1611010
03/07/2023,1347,473164
04/07/2023,1048,569710
05/07/2023,2249,4788922
06/07/2023,2378,5995054
07/07/2023,242,8365147
08/07/2023,93,3528817
09/07/2023,808,7978942
10/07/2023,1336,7104889
11/07/2023,1618,6187905
12/07/2023,2247,3969386
13/07/2023,2491,8153354
14/07/2023,900,5827783
15/07/2023,2428,6514370
16/07/2023,1208,9307367
17/07/2023,2041,6991604
18/07/2023,889,696020
19/07/2023,1855,5385637
20/07/2023,1523,2055079
21/07/2023,588,1554402
22/07/2023,562,5678704
23/07/2023,1398,508403
24/07/2023,350,2039373
25/07/2023,1211,7394830
26/07/2023,1391,645314
27/07/2023,1716,4991388
28/07/2023,835,3668988
29/07/2023,1396,9940890
30/07/2023,1366,5770294
31/07/2023,1376,8619323
01/08/2023,1006,1986060
02/08/2023,226,7728263
03/08/2023,1762,1515251
04/08/2023,2023,8646961
05/08/2023,1253,8134327
06/08/2023,1445,2265990
07/08/2023,751,1610829
08/08/2023,1395,5350135
09/08/2023,1934,3848545
10/08/2023,2145,1058810
11/08/2023,2191,2746941
12/08/2023,636,1231385
13/08/2023,1411,1869467
14/08/2023,672,8418135
15/08/2023,883,8915243
16/08/2023,82,8169830
17/08/2023,2001,3953876
18/08/2023,2283,3305025
19/08/2023,827,5066198
20/08/2023,622,4457183
21/08/2023,186,7950597
22/08/2023,723,1030471
23/08/2023,1090,8678711
24/08/2023,170,647162
25/08/2023,1285,3611701
26/08/2023,1066,6315507
27/08/2023,491,5385271
28/08/2023,2240,1233701
29/08/2023,2261,2659352
30/08/2023,1531,8862462
31/08/2023,619,5948108
01/09/2023,723,6848139
02/09/2023,778,9921049
03/09/2023,2468,5469461
04/09/2023,2296,1100009
05/09/2023,537,5413055
06/09/2023,2395,1378365
07/09/2023,708,1430862
08/09/2023,2052,1531331
09/09/2023,1812,7975713
10/09/2023,1419,2530425
11/09/2023,1348,8855508
12/09/2023,2371,1845577
13/09/2023,2089,244132
14/09/2023,1492,1535723
15/09/2023,2148,1408793
16/09/2023,2184,9882174
17/09/2023,1272,7419652
18/09/2023,1428,7695870
19/09/2023,2481,4853876
20/09/2023,1666,1805063
21/09/2023,1262,3979171
22/09/2023,487,6283523
23/09/2023,757,385406
24/09/2023,345,365117
25/09/2023,1708,8051440
26/09/2023,1371,8123996
27/09/2023,2132,9969220
28/09/2023,1934,7969484
29/09/2023,2374,9036989
30/09/2023,401,1760120
01/10/2023,1648,4601083
02/10/2023,1052,5660891
03/10/2023,317,2558064
04/10/2023,1961,8486890
05/10/2023,509,1951312
06/10/2023,2038,9966860
07/10/2023,1912,4081191
08/10/2023,479,5653774
09/10/2023,1890,2235019
10/10/2023,1384,1356671
11/10/2023,181,8749757
12/10/2023,2164,2490567
13/10/2023,834,7852513
14/10/2023,1925,3771066
15/10/2023,1403,4712245
16/10/2023,1927,7718297
17/10/2023,1712,7060943
18/10/2023,115,9863673
19/10/2023,872,3200979
20/10/2023,2249,1914405
21/10/2023,915,8191882
22/10/2023,559,4832990
23/10/2023,1907,755259
24/10/2023,588,9809206
25/10/2023,2064,707960
26/10/2023,606,3123173
27/10/2023,266,5109046
28/10/2023,995,2715614
29/10/2023,1284,1712240
30/10/2023,961,4317863
31/10/2023,1401,5920314
01/11/2023,2114,690006
02/11/2023,1930,2290391
03/11/2023,156,2982882
04/11/2023,1594,8363013
05/11/2023,143,5452493
06/11/2023,1259,3996886
07/11/2023,682,7596079
08/11/2023,1467,9520752
09/11/2023,1102,2367128
10/11/2023,1463,7951348
11/11/2023,450,7602217
12/11/2023,269,9659824
13/11/2023,1710,8593537
14/11/2023,234,6946427
15/11/2023,881,9934533
16/11/2023,1521,4778276
17/11/2023,1575,967619
18/11/2023,473,9028926
19/11/2023,1854,8412820
20/11/2023,500,7964149
21/11/2023,2174,4781872
22/11/2023,1839,3057541
23/11/2023,861,9065739
24/11/2023,1927,904890
25/11/2023,1860,2587210
26/11/2023,650,8486495
27/11/2023,1047,1727783
28/11/2023,1501,7626820
29/11/2023,481,2720330
30/11/2023,1841,7512920
01/12/2023,1728,1207885
02/12/2023,240,6112171
03/12/2023,1038,3961114
04/12/2023,1504,3879026
05/12/2023,1532,2569006
06/12/2023,726,3602251
07/12/2023,1259,2402226
08/12/2023,1706,8278383
09/12/2023,1602,1107438
10/12/2023,214,3468420
11/12/2023,1646,9839975
12/12/2023,1733,1351399
13/12/2023,1031,8981773
14/12/2023,284,5547872
15/12/2023,1000,7686461
16/12/2023,516,7051677
17/12/2023,906,9792257
18/12/2023,518,6346244
19/12/2023,1118,380274
20/12/2023,1818,3636808
21/12/2023,2209,686100
22/12/2023,355,9969389
23/12/2023,1583,4935611
24/12/2023,903,250381
25/12/2023,1714,3174414
26/12/2023,2412,6923457
27/12/2023,816,6414550
28/12/2023,1502,962752
29/12/2023,998,9762256
30/12/2023,2129,6775913
31/12/2023,2479,5204967
01/01/2024,1695,1791943
02/01/2024,1011,6238786
03/01/2024,2165,4734532
04/01/2024,533,8178683
05/01/2024,1647,4788582
06/01/2024,1385,6189816
07/01/2024,664,7088414
08/01/2024,153,3057858
09/01/2024,252,3241949
10/01/2024,153,6382115
11/01/2024,572,6940815
12/01/2024,854,2605614
13/01/2024,815,4866815
14/01/2024,526,945221
15/01/2024,2183,727667
16/01/2024,1708,1237790
17/01/2024,1114,860401
18/01/2024,323,6539905
19/01/2024,433,6187290
20/01/2024,2079,2659008
21/01/2024,2332,4278072
22/01/2024,2425,821516
23/01/2024,469,9626511
24/01/2024,1204,5246639
25/01/2024,1483,6977889
26/01/2024,1659,8748023
27/01/2024,2089,5700046
28/01/2024,2148,2662591
29/01/2024,164,3346770
30/01/2024,95,5289244
31/01/2024,441,9716643
01/02/2024,1952,3386520
02/02/2024,301,7071901
03/02/2024,2327,6519392
04/02/2024,2287,3802380
05/02/2024,235,487869
06/02/2024,166,7117250
07/02/2024,2391,2967031
08/02/2024,270,7444612
09/02/2024,815,3054171
10/02/2024,147,2700930
11/02/2024,2183,8579781
12/02/2024,790,2439925
13/02/2024,1942,890639
14/02/2024,487,599287
15/02/2024,513,721396
16/02/2024,465,7992084
17/02/2024,2458,6202510
18/02/2024,1745,6135185
19/02/2024,1710,5999135
20/02/2024,1105,9448156
21/02/2024,2271,2859019
22/02/2024,629,5572410
23/02/2024,153,9055143
24/02/2024,76,9752637
25/02/2024,812,4690965
26/02/2024,1018,3533842
27/02/2024,1285,7100998
28/02/2024,2457,586648
29/02/2024,1141,7294358
01/03/2024,1560,2455850
02/03/2024,623,9896157
03/03/2024,1172,1899849
04/03/2024,1689,811003
05/03/2024,159,2432973
06/03/2024,406,6770321
07/03/2024,2224,684720
08/03/2024,443,4760708
09/03/2024,1562,2237367
10/03/2024,1171,5456220
11/03/2024,1955,352384
12/03/2024,2179,7293827
13/03/2024,1796,6974821
14/03/2024,1779,8279156
15/03/2024,1170,3006311
16/03/2024,492,7876652
17/03/2024,779,2008531
18/03/2024,2064,3324792
19/03/2024,2269,6662920
20/03/2024,544,7128844
21/03/2024,2006,771805
22/03/2024,863,6461356
23/03/2024,1651,9703784
24/03/2024,2407,7870256
25/03/2024,1072,2000843
26/03/2024,51,6588735
27/03/2024,1516,5306959
28/03/2024,1454,9263731
29/03/2024,1330,7517026
30/03/2024,1794,2155550
31/03/2024,1025,9093663
01/04/2024,1586,8206692
02/04/2024,998,1100131
03/04/2024,2211,1008312
04/04/2024,1294,2518442
05/04/2024,1407,3560775
06/04/2024,2288,1718184
07/04/2024,1365,9642615
08/04/2024,2056,6832529
09/04/2024,983,7877102
10/04/2024,1362,9555935
11/04/2024,789,1092468
12/04/2024,2033,7643970
13/04/2024,1981,9730303
14/04/2024,1372,4843718
15/04/2024,412,2255533
16/04/2024,1491,9312115
17/04/2024,2123,8052342
18/04/2024,1091,198295
19/04/2024,937,4501221
20/04/2024,848,9531182
21/04/2024,1438,1597677
22/04/2024,551,7933545
23/04/2024,2192,2865114
24/04/2024,853,2612877
25/04/2024,1814,305186
26/04/2024,2414,5829369
27/04/2024,146,4437640
28/04/2024,1051,4924388
29/04/2024,1456,7639515
30/04/2024,884,9644160
01/05/2024,2438,3303714
02/05/2024,1703,8473812
03/05/2024,890,3467536
04/05/2024,847,7842026
05/05/2024,373,3471579
06/05/2024,1207,5009126
07/05/2024,301,5633634
08/05/2024,2026,8662346
09/05/2024,1045,6979560
10/05/2024,2358,9508101
11/05/2024,446,8062219
12/05/2024,731,4465335
13/05/2024,2441,7822418
14/05/2024,2234,7145037
15/05/2024,1424,4838385
16/05/2024,1674,6052014
17/05/2024,1695,8632912
18/05/2024,1285,9682968
19/05/2024,1758,762623
20/05/2024,731,5348413
21/05/2024,2328,3908824
22/05/2024,1762,3465004
23/05/2024,824,2417459
24/05/2024,2334,3400860
25/05/2024,245,4485565
26/05/2024,1572,6250383
27/05/2024,1055,7347219
28/05/2024,856,2312038
29/05/2024,134,429930
30/05/2024,998,4446504
31/05/2024,2183,7604622
01/06/2024,1607,6130987
02/06/2024,1866,6484469
03/06/2024,1466,3618037
04/06/2024,519,1305848
05/06/2024,1658,3306430
06/06/2024,150,631925
07/06/2024,2462,8175924
08/06/2024,2424,5536386
09/06/2024,1790,452993
10/06/2024,1358,4176081
11/06/2024,617,7213776
12/06/2024,2276,8011765
13/06/2024,75,9932993
14/06/2024,603,8163190
15/06/2024,1334,1359538
16/06/2024,2384,5346603
17/06/2024,1480,5716052
18/06/2024,99,1866762
19/06/2024,2272,405889
20/06/2024,1453,209043
21/06/2024,470,4036729
22/06/2024,2157,7585522
23/06/2024,2276,6795907
24/06/2024,2480,4201109
25/06/2024,1269,5915232
26/06/2024,580,8240178
27/06/2024,1314,8294922
28/06/2024,641,2548079
29/06/2024,2048,5177267
30/06/2024,930,6352906
01/07/2024,661,4178890
02/07/2024,2160,2750395
03/07/2024,1706,8464514
04/07/2024,1190,9199186
05/07/2024,2441,4528924
06/07/2024,650,5637176
07/07/2024,1987,4882260
08/07/2024,1242,4202812
09/07/2024,1114,1377890
10/07/2024,1761,6044101
11/07/2024,863,1536581
12/07/2024,1515,9767035
13/07/2024,818,4821456
14/07/2024,2212,3213910
15/07/2024,847,202137
16/07/2024,1517,5228542
17/07/2024,937,9151869
18/07/2024,1743,1828209
19/07/2024,1773,1096377
20/07/2024,1692,1540572
21/07/2024,1020,6211481
22/07/2024,1694,7364100
23/07/2024,1809,7229938
24/07/2024,1752,5746598
25/07/2024,2102,360754
26/07/2024,689,8199637
27/07/2024,186,9370802
28/07/2024,1164,4901698
29/07/2024,1510,2705941
30/07/2024,2234,2932855
31/07/2024,1071,6426419
01/08/2024,1413,8709824
02/08/2024,1590,4800123
03/08/2024,53,4300335
04/08/2024,1271,4656762
05/08/2024,1980,4131106
06/08/2024,1195,8538150
07/08/2024,1250,1865201
08/08/2024,1811,6042627
09/08/2024,254,8147881
10/08/2024,544,3921438
11/08/2024,1158,757004
12/08/2024,1423,6909477
13/08/2024,1705,2134371
14/08/2024,912,326577
15/08/2024,2025,8073254
16/08/2024,1796,3793498
17/08/2024,2233,4730855
18/08/2024,334,4913371
19/08/2024,2452,2133638
20/08/2024,223,483158
21/08/2024,1997,200908
22/08/2024,984,1279542
23/08/2024,1849,1571123
24/08/2024,2143,3171790
25/08/2024,1870,8123959
26/08/2024,1099,8768375
27/08/2024,2227,603935
28/08/2024,989,302830
29/08/2024,2088,2946813
30/08/2024,700,9777075
31/08/2024,1163,9157016
01/09/2024,863,6734966
02/09/2024,1539,2751104
03/09/2024,1412,7110400
04/09/2024,601,9417687
05/09/2024,99,3589054
06/09/2024,1566,2996499
07/09/2024,1843,1097422
08/09/2024,834,9807161
09/09/2024,1153,8242064
10/09/2024,1991,6595766
11/09/2024,789,4692645
12/09/2024,1127,3625528
13/09/2024,1064,2543433
14/09/2024,339,5699798
15/09/2024,2460,3912357
16/09/2024,502,5903023
17/09/2024,2483,7259234
18/09/2024,910,3829250
19/09/2024,1566,2352945
20/09/2024,1155,9805851
21/09/2024,2133,181834
22/09/2024,110,9195381
23/09/2024,2199,5618258
24/09/2024,236,5257996
25/09/2024,1995,7157697
26/09/2024,1063,9201541
27/09/2024,2290,2087851
28/09/2024,566,2019819
29/09/2024,1069,8714676
30/09/2024,1087,9957160
01/10/2024,1379,9692732
02/10/2024,2219,9550761
03/10/2024,1117,4541391
04/10/2024,2439,9872291
05/10/2024,631,9447369
06/10/2024,774,1468767
07/10/2024,990,9705547
08/10/2024,1266,8555247
09/10/2024,1072,9826425
10/10/2024,1495,8255067
11/10/2024,66,9407259
12/10/2024,815,4885472
13/10/2024,2258,2432678
14/10/2024,727,199139
15/10/2024,2413,5994666
16/10/2024,968,7455956
17/10/2024,452,2927589
18/10/2024,826,9325224
19/10/2024,1294,5759830
20/10/2024,2495,2826255
21/10/2024,1955,7693358
22/10/2024,1869,7103590
23/10/2024,1143,9915153
24/10/2024,2120,5342699
25/10/2024,1020,9845942
26/10/2024,1630,9602328
27/10/2024,1639,3869884
28/10/2024,533,6410280
29/10/2024,1212,1387816
30/10/2024,2161,5853002
31/10/2024,1557,6288673
01/11/2024,2475,1823738
02/11/2024,2314,3451644
03/11/2024,1852,9934404
04/11/2024,982,8805965
05/11/2024,1667,5067950
06/11/2024,897,9726366
07/11/2024,1517,9786040
08/11/2024,1311,8639882
09/11/2024,2448,5296431
10/11/2024,519,6100933
11/11/2024,2171,2415611
12/11/2024,948,3772030
13/11/2024,1026,1890266
14/11/2024,834,708519
15/11/2024,1694,2405820
16/11/2024,1565,9148677
17/11/2024,418,2871910
18/11/2024,255,6813777
19/11/2024,150,7587202
20/11/2024,901,9728934
21/11/2024,249,6516144
22/11/2024,1757,3565110
23/11/2024,506,2659153
24/11/2024,1480,4759271
25/11/2024,1898,8239610
26/11/2024,2141,1860460
27/11/2024,852,9651285
28/11/2024,955,1837313
29/11/2024,2398,3936349
30/11/2024,1540,9103908
01/12/2024,1672,5826790
02/12/2024,1649,566181
03/12/2024,1614,3839531
04/12/2024,2458,2286635
05/12/2024,2375,1206259
06/12/2024,1652,3221360
07/12/2024,1750,5737616
08/12/2024,2118,5365946
09/12/2024,173,7983609
10/12/2024,1377,3536693
11/12/2024,1283,9299200
12/12/2024,2077,7192571
13/12/2024,541,4921097
14/12/2024,1013,2143144
15/12/2024,2149,2439631
16/12/2024,1167,2514134
17/12/2024,558,3948520
18/12/2024,904,1693403
19/12/2024,1275,5457666
20/12/2024,307,4415092
21/12/2024,2243,4910614
22/12/2024,1839,1858188
23/12/2024,2039,3313822
24/12/2024,2495,6309301
25/12/2024,698,1278101
26/12/2024,642,1136685
27/12/2024,851,1262613
28/12/2024,463,148439
29/12/2024,1778,9062537
30/12/2024,2119,7737437
31/12/2024,583,4827761
